w,x,y,z
1.7609080450021999,2.9348411523586178,4.9595883506188105,-1.3746839761526095
-2.7847251062039,8.195342904006637,7.454652937520919,4.478021538012461
-1.85184673478568,2.4295650787710743,5.946718460830851,0.8635627640521123
2.864733386358097,7.811362520178408,7.295473506836778,3.197596314629861
2.7647838361238684,6.937541442126039,6.5900137160345995,1.413630238493771
0.33954995461261106,-0.7000286387849781,1.7523656087777095,0.7444890029951694
0.8765443289756352,0.14085038341468836,2.8279080045245797,1.8220578257256632
-1.3674419142403538,1.5610188429074185,4.321164481586486,-0.4799900420757204
2.7125465142770393,7.151443540577856,5.6621494503203404,0.38245021751562036
1.0186488379634397,1.11527892309098,4.424836211860086,-0.4342383294129195
1.0008479708325702,0.8400856895262627,4.342395646162564,0.1641918014680177
-2.933379999780463,8.975157223905548,6.711788768564341,2.3061829468676125
2.117819099098157,3.894062235967965,6.356669398127609,-1.370931522036234
1.6699573120812117,3.5449922969553964,5.241090116578355,-3.103775652616903
1.1095439814288408,0.28586303312081607,3.293115598137681,-0.603737551015431
1.4446908781175098,2.428066753672746,4.077398009470751,-0.9038503321977351
-2.0605654524097368,4.080539588398797,5.128700720453322,-3.8982447406771463
1.3126503170919,1.8404305118529687,4.254165704801435,0.3316349357722992
-2.4190895358407394,5.132768059604632,5.325994920143135,-2.714855543676376
1.241696688231805,0.9380136437355899,4.667491351583288,-1.128752706068713
-2.984209223246981,9.506993825463422,6.934067609967333,1.9639080501631
1.6572347247622856,3.6829500843967238,5.384267185916216,-2.2295657973505154
-0.05065689131076345,-0.3705855230442438,0.7649946232162215,1.144672172846057
-1.773678802212811,3.5305817247577,6.022582258281463,-0.30807140675234046
1.3754796866723709,2.6447226730404,4.599351956935456,-1.201681997132383
-1.106075209301035,2.012615695638023,3.2376114501568556,1.6793747384130921
2.302905539985071,4.473462348833487,6.816267155431034,-0.5683792616462706
-1.9185988486066679,2.759131108340596,5.852942922770977,-0.062021346663722055
2.6313039257161517,6.263421188618369,7.134523848203219,1.0630253182928777
2.82450088831897,8.734090274973477,7.6260519783401595,2.4331767585030155
-1.1730885356860152,0.5728303802240595,3.434193238317841,0.07700335980970296
2.174918398225805,4.572485288951206,5.3691855462752756,-3.0266576733238995
2.0530747132020597,5.130894838290724,4.858108648677639,-3.524632262982159
-0.4523237394323836,0.270927335200129,2.5335164766440483,2.2804906139099383
-0.8178935528832914,1.052704091749,4.3451569912283325,-0.09487733146236743
-1.3053751605897301,1.3350355718967897,3.733368595067354,0.29320219710350726
2.9594207067932743,9.131172775159971,6.827410671780393,1.8702449129651397
-1.465493838288602,2.816923533856605,4.093389536492344,-1.3829174159433275
2.524053586554733,5.407423062488195,6.900679337806798,-1.3190186939000408
-0.429988717441665,0.685178927017063,3.305785311606442,1.7453736841988925
2.6125620740484523,7.80320276856934,5.551950634979612,0.50258285324731
2.0330690051890965,4.6297008886202615,5.676310637564248,-3.2815110047336304
-2.065336046306923,3.826500968303523,5.227332916386629,-2.523341210193096
0.4457001261052991,0.7772072593132565,3.57537861804507,1.4588811354616469
1.0410180881141162,0.2901706729360538,4.968997013100624,-2.2172502612734712
-0.5650775640057293,0.2150997056944594,3.2347336525979955,-0.41372092350713185
-2.9707377331066405,9.642473685089772,7.841306069669475,1.2125936925913459
-1.0480120213862376,0.6855574937174267,3.7846210185488927,-0.4361856892804681
2.0336696878394918,3.7113630764098735,6.4999730808157805,-0.6577001456686291
-2.6230561186963834,6.14048054606709,6.347530621645886,0.49307926818647463
-2.367481521364097,4.643702669741053,5.626278276620469,-2.5086802180887533
1.210724079071495,1.8235238615233016,5.282972236910817,0.4449557391363632
0.08494960653712624,-0.5695273323490694,1.5342807333792432,0.40054612903012576
-0.010999050032926228,-0.46878570215392074,-0.450671405606124,-2.4017612705719906
-0.7583416864415637,0.5582284319557116,4.224162358681749,-0.22018232204228605
0.6210817000279141,-0.5075324316562754,3.555110062349686,-2.301281785595595
2.1088126012622306,4.595325798226402,6.01855425640662,-2.4304364322670144
-1.3384616611860436,1.0849367682765236,5.092425951567385,0.4098075090559994
2.0685681770618096,4.457585376959386,5.259885197196534,-4.186588513053134
-0.5002851085672901,0.6498019098960477,3.0302113291762334,0.7813621132135873
0.005904074363643375,-0.7952962842502569,0.9365902615223147,-0.7375859668983809
1.3777402714090812,1.7262802311015053,3.803314576764259,0.04205859864666284
-1.4476697549603563,2.4845480348824687,4.073787291627816,0.31857663587675544
2.5298215119368406,6.228355421312207,7.047056675221393,0.4831117537712901
1.2124167853730903,0.5698613793465923,4.641083701908978,-1.4685969427655592
0.7135825385849341,0.5809928512043422,3.44152821272172,-0.4276945881852058
-1.3619469761284937,2.1824888562251257,4.164680816197266,0.2826273786898039
1.1750907381566753,1.410616467018217,3.9262212425652985,0.024678706755060897
-1.4567115092792677,3.011197933248309,5.5731445022253014,-1.2164949508774523
1.8987160219648649,3.7782326130700667,5.355088064546741,-3.5113535743308857
-2.9311652698625634,9.398533669824241,5.977118999110806,-0.7957030660427145
-2.000774138330759,3.2780465609056666,6.451919079514022,-0.087318283258427
0.34697393257235376,-0.6010563956137586,1.7629413958804248,0.7780955471185689
1.2736859976150132,2.2370585979395994,5.1667629871376235,-0.3791137541480232
-0.04511607652133787,-0.20261086566825362,1.6131630587042323,0.8012635103588568
2.2668570088797004,4.469349092940888,5.9959355608470215,-1.9626927306396666
2.8552196253774813,9.007296269932793,6.955887442451352,1.3315348706125483
-0.21433759473454028,-0.25852767599239884,1.906399248107899,1.2256937115570936
1.6079218768968353,3.0870369684757524,5.3217969659850475,-1.9870045618728505
-0.03136719699883628,0.4529798717484667,1.4185149157260615,2.4541646683252463
0.9905926700149239,1.7478860202989157,3.5454197785468624,1.5276816634206147
-1.6507501201958057,2.9723203734376846,5.906771850677056,-0.36267119253388014
-2.342749696702389,5.99036100945381,6.257798086977366,-1.2479097795754877
2.874053625445141,7.957980925890045,6.0114196906562345,1.3905974322504007
1.8899679582359088,3.111834666688462,4.9530465502710275,-2.203773989700181
-1.2876988053028142,2.449940649570429,4.731037461197518,-0.31503701861138933
0.5149703065675264,0.12137679638884197,2.349349737919109,1.1182086823584314
-0.7195727683272528,1.4474650632149175,2.6559367266342657,3.6083620270897243
-1.9419717553808058,4.098137294333704,4.897881295806528,-3.5476417423852
-0.48698914168504315,0.4805498645373786,3.4811293287108485,0.25967230202566527
-1.2168732348196345,0.7102724155271516,4.616846402026453,-1.17942627101703
-2.9002553608025643,9.310459675278155,7.739188620198519,1.587287267799271
-0.6757901580071426,0.3565166046191998,2.9796167084358425,0.9641993359472043
2.525478022828513,6.534818472564079,6.54795125619526,1.9849876415814904
1.9692015522446926,3.694028358885469,5.811100260745472,-2.693200396232017
0.4444485311793054,-0.32841154264650263,2.8980875012509637,-0.5959431861128184
-1.088118811317705,1.9907615886679628,3.290871757784565,2.130037972194185
-1.6124142306873748,2.7472386246677303,5.5798693204976555,-0.19552313855416614
2.7361175017856034,6.49207963763981,7.5129044704445205,1.8570634017621395
0.3876605944122704,0.38457056370152254,2.5598539506528915,1.4785723515601408
-1.6943681786452613,2.5241733283498524,4.591827979843009,-0.9877203882943282
-1.5031076934082628,2.3134489424983267,5.4099035318215405,0.14604621025115794
2.757577215185515,8.37611629633185,5.657019698459077,1.0001063164108472
-1.567115200221648,2.1703895707707357,4.6638910828757245,0.3680826887009705
-2.3597154698667726,6.385327400568162,6.979758855736144,1.8493385285698511
-1.896228361483985,3.842402230479844,5.684878979778062,-2.9421968520895883
1.5973488415075145,1.5831658071585113,5.76583123655386,1.8621236426781893
1.252585535587568,2.427844991450717,4.686102817137666,-0.127575734112924
-0.372348451337257,0.5204372042471015,3.085970763665216,0.7204683978237358
1.762827042698551,4.10220488337228,6.069826928570523,-2.4526404306465897
0.10507615285571648,-0.6442779854103851,0.9385908291678995,1.174546370095923
-0.518411033225358,-0.45697850137246127,2.125940190789504,0.06932888102166546
-2.2953483826344625,6.133815123736969,6.502769567549855,0.4049387214900064
2.303466395618096,5.6995937587216225,5.9515641549657765,-2.1977762800234606
-1.3464407135380991,0.9449029405171105,3.8949206980467066,0.9071406589343907
0.697564339979162,0.9975221136154967,3.520459987716653,0.6695693555210128
2.9074786737642366,8.961184615316338,5.892668777017024,0.5997300934132359
-1.8634918677374772,4.318651012216678,4.860755233821777,-4.44015496249864
2.7911279507582574,8.213444754760932,7.259270051166711,3.491683679591559
0.9162922105541718,0.08813333906658005,2.853119657848831,1.352205127748168
-2.227610372420714,4.002008238995943,5.576763868833511,-3.020482375250053
1.6315628764382897,1.7144193935270244,4.152057748118902,-0.39160230891166514
2.7106546695425617,6.404261713554484,7.580596357540106,2.4652508838374416
0.37668329813654955,-0.3656875576988795,2.619041168538644,0.7896541551963595
1.1313311985488888,1.999966178175841,3.841314717380893,0.0909981030075444
-2.8419127267801034,8.15413007531803,7.601088349308967,3.749694059234886
2.934454113047681,8.716664898953985,6.866338219461268,3.2030180874202046
-1.0892572811179049,1.8705432091875818,4.084084024880641,1.0367438349378308
-2.856577323802684,7.408380637103527,6.936307869232899,3.434417361406109
1.8513849028463305,2.985993416509596,4.9708995125929025,-1.4417981900936936
2.839515310602409,8.234365742062073,6.350921172204336,2.627176887603265
1.425531059500087,2.9713302982387892,4.519133370481629,-0.808597236821869
-2.983585163727598,9.023840867726857,6.398119010026152,0.014939359224029669
-2.6198369317557884,5.900840127737469,6.643458663798043,-0.24667902537511543
0.5056164313654845,0.8569133210280004,3.235960697856406,1.4460134620754248
-0.9857093534663814,0.4375714771931526,3.115210299770827,1.368086861745593
2.2910008845107797,5.862895444066734,6.996587681115498,-0.3322842413552206
2.2420162161416304,4.8023580015703775,6.49548680672132,-1.7709804914370673
2.9251134522266495,9.283372417516166,7.4535115474620985,1.6828675582836308
1.294991814435562,2.1712470849294787,5.0551890927141265,-0.38645220509874756
2.2613021988519098,5.22596810251332,5.175172675993631,-3.5356525074655867
-1.0820993288276843,0.443849408770695,4.124352702987065,-0.485194663533675
-2.332938288481164,4.562436436885846,6.000929582391496,-2.5421296997493728
2.1921846346942786,4.048360384071163,6.267356478527193,-1.3657515886769114
-1.1791644122308498,0.47953246816124895,4.241047999897286,-0.6943117729491225
-0.48400621099868246,-0.550749729502513,3.1914489930245113,-1.2896590688928324
0.8761815424294364,0.2191127725097356,4.107473453712591,-2.200420161908577
0.6305948049330761,0.8236277687739375,3.5706970447440867,0.024151620350163827
-0.4744614929107205,0.34454767236335454,2.9924480959678315,0.6131397274642414
-0.6830969287764388,-0.5082666255779652,2.607948590010171,-0.6620229877216594
-2.263913748845962,4.269254021592752,6.54012798571968,-1.101246490030751
0.2031713058204998,0.9758312395093511,2.365072757191927,3.280937313119316
-1.6028754165360242,2.7054105247754174,5.87239462002945,0.046482089040583374
1.5288471066027682,1.7439599446896372,4.413399666514101,-0.2994823406369016
1.0492235049870002,0.6055214525578525,3.450622249148261,0.8366292050636198
-2.5684382111447133,7.084526552618441,6.19273733261768,0.6364973622014212
2.9355881084148017,8.008536504485031,6.494552520855321,1.4075160306122647
1.6827416134460478,2.9943371921695237,5.819775093623129,-0.13067075717143517
-1.6330446786564146,3.606874900664657,5.338677260821951,-2.6307597951565604
-2.8155430899018175,8.620940494073944,7.231835552540764,3.4609913637293515
-0.12976901356980886,-0.5034644848219465,1.2962688577402655,0.3302674546849961
-0.883545374993556,0.7681918582099634,2.958764900616896,0.8785334798806472
0.2790689961853676,0.31779094139466824,1.3431492793500162,2.329555168829911
0.9579837325495264,1.5756946309298798,3.6618799999330296,1.3977100635655708
1.7833188441524301,2.493808889201328,4.729334001485917,-1.5872349148822453
-2.918733918965234,7.556160094072974,7.475213997070478,3.1618665467497804
1.2857730832732708,0.7932567091084979,4.734949400918343,-0.6663023066771341
-1.2281162033886048,1.4809596308997046,4.810506694489685,0.24385253882366298
2.918415453824502,8.729807684428334,6.815568096175635,2.7961492985504846
2.07745038352669,4.453502970188155,4.941692637177548,-4.6615313036022235
0.362407086508691,-0.23393628500396063,1.8781655275322053,1.6918961053281338
0.5865941122610359,1.3213249613642106,2.9867814492327662,2.0211943180394005
-1.8475459619726562,3.5729165200930613,4.834161522854309,-2.4811565973354455
-1.642490468477607,2.4580572842868893,4.177339844322375,-1.050290207134224
-2.075920929972293,4.411344145732823,6.2220180088670185,-1.9764751272118342
-0.7331187152133496,1.0281319124090764,3.8747275721308014,-0.28140818639949394
-2.3282673339505133,5.7592945652474,5.764247864963831,-2.955059144895369
0.06763736180557123,-0.46558607196236346,1.727275610932146,1.0515715121271858
0.8308677324092844,-0.17698914238417074,3.502962806055641,-1.6908900002801033
-2.2667257305781003,4.8782139334930354,6.7516319725073375,-0.7928767072133083
-0.9348218464183913,1.1333268985842193,4.181578268758326,0.16000901924662836
-2.5779127218887528,6.065982021505556,6.5844231854689355,0.7122969668567474
0.15456712363241554,0.5294021031856262,0.9740559992539546,2.4502981205968517
0.9017386152180324,-0.0537945071164353,3.8574899674129206,-0.4412222855417518
0.6928328482506165,0.0006475527721437335,4.118328092698324,-1.625624530722455
1.8832173768569103,4.156016815982513,5.099202652309364,-3.5929379080764585
-1.5866025809854778,1.9041763152364353,5.780307764794584,1.4248706389548538
0.7090910510426731,0.7817318804286831,4.18579231614691,-0.17464939134623858
-1.1830288846041561,1.4488979600552212,4.010374376409454,0.18300422826870788
-2.467393763525146,6.937647925081486,6.6493246984091146,1.911982332127268
-1.168431170605121,0.8918249414158752,5.122201690064123,-0.8996759889611421
-2.5718611503323032,5.746391957956645,5.56620306740997,-2.5498249401042843
2.751445266118025,8.040582979020629,7.392168134686162,2.8156962121343097
1.3629926095615756,2.4021049128059673,4.051569705241412,-0.3061021176774721
-2.391234853055976,6.533635827476683,6.884985067316823,1.1768830518074056
1.7176159340915618,3.8141486354389027,5.576551469704456,-2.491097687045082
-0.8870678394208094,-0.1852075023141031,3.4560495473874733,-1.9283568237200517
2.4686108419427537,5.562763661200153,5.587476549347892,-2.4910889708109494
-0.027015391517319465,0.2342865453821493,0.9281963048750819,1.6513745847184633
2.2361563379092324,5.898427808946862,6.677089391481203,0.17190547413486335
-1.6768212315376578,3.712081681029627,5.823384039640011,-1.502087734182334
-0.7968460445804064,0.7482699951537519,3.8271285348276085,-0.024756350347632683
-0.7989783470497036,1.4695790985868258,4.488026568237979,0.36620514437603746
-2.4172039103802883,6.126007162250432,6.3987901006647565,-0.6045486854922797
-1.0139133956052313,0.8080358020702227,3.423396236766505,1.8868840273843168
0.9582588230327973,0.8902413061140214,3.7742892580523746,-0.14243883272276836
-0.20073905175755602,0.24891713274046925,1.4656484716313278,3.3633201616924993
2.2753894184665873,5.276492848686839,7.0176476171775395,-0.9153202603744077
-1.3819784016579102,2.7622271560618596,4.462776090347895,-1.2022251645250495
-0.8710839076701076,1.5962540454690366,4.718676787119997,0.6417454057302117
-1.0778742590963266,0.9515641442695648,4.190437434319858,0.328129098394492
0.3104278237302456,1.02289049062732,1.5732014064361761,4.118389528972115
-1.8706835063622729,2.847368114336777,4.620065442352809,-1.5306056964629882
-1.9605343709509626,3.0963540585593616,5.341374722595544,-1.0184528910979953
2.6368915452507267,6.223355337508228,5.742241073079622,-0.309572688708289
-0.74011371752202,0.5590926462180579,3.710231917112612,-0.1334339591510827
0.5225888092982993,-0.6838513258477898,2.719451862683166,-0.3882066106740105
-2.669087489887057,8.019968451106953,7.516768130713254,2.9919432741346506
-2.154852018603799,5.297618164422332,6.7316769355524455,-1.0184112081720547
-2.42184868883254,4.895389033084138,5.523388049700796,-3.4096761550581047
1.8726934077488773,2.859373110576213,5.26362006974977,-0.3565092414265252
-2.3811193044992147,5.333856290992498,6.095509774261185,-2.7780866636317105
0.09789627407729462,-0.7284226298999494,1.3734327215890263,1.092062310317602
-2.0665326120475553,4.889538420909256,6.31090285195709,-1.8223297298747094
-1.3270994674269088,1.4506663018113717,4.582379949089622,0.21553553898011635
2.2956120150184205,6.150049488163668,5.900497993400578,-1.9527493100365632
0.7895625907854633,0.787437444662013,3.078292792456935,0.837104552875739
2.7819762612784196,8.497055887140341,7.493315222733827,3.0398022446426207
0.5982861936959578,1.047415260351641,2.138501506810231,2.428286802936566
-2.942881702700652,9.47133735350759,7.504175539264467,2.124108819704296
-0.5061539668774704,0.1759523698194133,2.2227167398833227,2.680447909295875
-2.865349473847921,8.302921239321304,7.14245107331425,3.4104789147884826
-1.1160940317183214,1.8428730699413363,3.936232843151734,0.5855346886661317
-0.11025041567554972,-0.41640714237507337,2.2765843768328367,0.9446986622190733
0.4527560467428482,0.18549508310206758,1.9370302328332336,1.840594509564926
-1.5680987824264205,2.657154406738979,4.384089826792363,-1.2282976473075762
0.349719470685911,-0.8466297407214948,3.144368311888104,-1.3537755114518086
-0.6304791953565965,0.5844668321707758,3.3429214317774676,1.3219998660135075
0.03949312504156177,-0.131087595095535,0.41340785954102977,-0.05476684584860836
-1.8241979127448709,3.9424190826324264,4.404043611650286,-3.6864891884691167
-2.059490339979412,3.87199006665926,5.195565276550309,-2.619536354866163
1.5271020456143187,3.1178180747697395,4.233846083669446,-2.045948505108231
-1.0201606271668837,1.1964421357906005,3.4469877007522673,0.3553698647084864
0.8651741552292984,0.11654672213166029,4.513234648032463,-2.415188501398299
0.3927335795432514,0.7300981321518639,3.2529271299424614,0.49940600683212666
2.3971854953164264,5.970560653045329,6.593717653387637,-0.01375840430098374
2.2841017074420904,4.324939154087378,5.986293303528447,-2.166600477015427
-0.34133159803929924,-0.043105380177673805,2.991215642972696,0.9738776873381727
-1.7715894810464579,3.496666962485317,5.3156955904619165,-1.5371750743571904
0.7931542517509547,1.4662972230256686,3.289345683857521,1.308979371155293
0.8210158520793005,-0.32512892085178524,3.1756032082338663,-0.2001097605410116
1.1545050202716167,2.2864001398944858,5.147397438763364,-0.7394824281158001
2.4448392164088,5.730399423581945,6.028371121883557,-1.8170979201254684
1.6954858682675908,3.822239406211751,5.194194706235493,-3.4454577162526796
0.7517456151350812,0.7745536718229277,2.977006802250753,1.553863337397251
0.6057935723885386,1.0246774683086535,3.8832427168144896,-0.21248619619022557
-1.7234457835911476,3.1196883783943097,5.017729874595643,-2.2257119976723567
0.9081921719872081,1.0809654178735435,3.4071141145926127,0.48383949580902197
1.887001024659627,3.1319254304578696,5.929916159112585,0.2534367880163755
2.533934885117379,6.5944926833269895,5.749075134458858,-0.3975778084371
2.4999006724855954,6.7495468996992525,5.560814937310918,0.4231504264374458
0.36659283523581987,0.8510179797043217,3.095871978237836,2.0876335081213235
-1.4409961455570737,2.5866342684457035,5.289931798307892,-0.7063869980797401
-0.9972152590577004,1.3905527697921225,4.175467730610398,0.7582695496514364
2.986574193412922,9.648584272869247,6.39846621040682,0.04221241348869306
0.15358672930691597,-0.3310491229073112,1.8141000025715277,0.8985409054554547
1.8954400370269342,3.93427051553984,5.783709878129374,-2.3390826574703283
0.5820971267074326,0.2405849377477472,2.70695048583662,1.7433376413469601
0.041582323969959756,-0.23406540627022288,-0.0493515378407231,-0.951903907516381
-0.9087623081658132,0.6474716325872275,4.574238210697366,-1.74955566452426
0.2266231693878149,-0.14568277215754055,1.8241116425396857,1.1823634044787215
-2.9595917580347804,8.393951266143954,7.409131061757723,4.114289494877514
2.260114839579444,5.351957823927818,5.52124857159772,-2.125368093806926
0.36891888919607574,-0.0034043115518049005,2.612322105810601,1.2536613603134708
-2.8543114480519285,9.094697998334802,6.615473359699592,0.5662658653008992
1.909048471986992,4.000067851264491,5.290934094977175,-2.673071122521112
-2.187873654827561,4.183930906342731,5.170011802766102,-3.467571003429881
-2.8161678114547817,7.78420316097008,6.201109954157594,2.338904611616738
-0.22598757518930546,-0.262237136311212,1.0602091854674847,1.9436551567568578
2.7639401717219787,8.234642880775654,6.255757417396538,2.6970725254649066
-2.4383145092160587,6.705374222980413,6.729450918566677,1.9917911472364556
-2.606408903189741,7.601051282279492,6.687782022009422,3.4321791198973206
2.279613457331542,5.52207713959759,6.384177736110709,-0.692630731535669
1.9282322492597306,3.2584961311447556,4.571198262168769,-1.7591706668023424
1.9198165334705033,3.1904289251958797,5.899051711271226,-0.12956423864604805
-0.19309171310776962,0.747080295065698,1.7640494676711937,4.1677744764278595
-0.435047432636817,0.24469556126137912,2.100141923058903,3.014949352692568
-0.5935901673930233,0.9566714548348736,2.4315851391635164,2.7297355557545475
0.4932902528358425,0.3883123079260621,2.179350925254914,1.5662467547906553
1.373824016256667,2.3536774782186214,5.37692957631511,0.5025157451247055
1.7057520140977562,2.947613188526663,6.189357238832313,0.2760126752887827
0.9287951253625071,1.4044282059009312,4.682439950624339,0.057434617229496165
0.3747969880560791,0.27818876366533973,2.1435654595361977,2.8803865293215756
-0.5256443506782178,0.20772174058388698,3.460502540072725,-1.150632525093616
-1.0805096277368726,0.8528788715386386,4.250811782930459,0.47157305033078734
-1.282513243042889,0.7812589154137966,5.162808843999033,-1.3229131075575267
-1.2229396895815485,1.251429843010014,4.39091804638359,0.3877147685704665
1.0965171969866594,0.36160211868398506,4.368491279172755,-1.000379993840137
1.574647092957476,3.44514769482032,5.593924616620267,-1.5862644613994799
0.5857187219398572,-0.29370787610761273,2.26175979039526,0.7104185272274072
-1.662816646478635,3.388676595247533,5.232024154537977,-2.6742317524207966
-1.8336298769716626,4.112121815634911,5.148430302701657,-3.444413756184989
1.5941167126245235,2.9180345982407045,5.258947082470424,-0.4935897122651034
2.8721629138502722,8.388308629187637,7.696587744159789,3.8270807228593924
-2.904540230444625,7.758296823902533,6.602730581202771,2.9454189555219505
-1.5066111481045215,2.203637197119437,4.69570957162416,-0.5042622096759788
1.7538772306244867,2.766429442413449,5.878635187814075,0.8899164928602742
1.314991786520129,1.17928331424357,4.877080449630736,0.36077247727745876
-1.524120253563391,2.5079662848537287,4.725978628575929,-1.1058681357438958
0.3293542864550716,-0.2669860785898367,2.673485968280284,0.6818059762108055
0.5135147645941238,1.09630852039286,2.674400998164063,2.7650478689098934
1.3283056598833776,2.5836669759813295,3.882312051531187,0.47732959730932967
-0.21795773272379382,-0.43825783918151084,1.768724280237108,0.6623351604849421
-0.5709091708636636,-0.4522801171357058,2.691180052329604,-0.7872260373280553
-1.1519431750746625,0.7128985426393202,3.7290824886195635,-0.4179444968205006
-1.5701465495590636,2.464528528450005,5.863769150833124,0.21265282280260667
-2.4449798510963765,6.435097808216452,6.633851334915086,1.697824116612861
0.8753003245058535,0.1825395348976354,3.939941233735067,-1.5276642905633302
1.0174226912414168,0.5312160494073888,4.528009859585046,-0.7002185666931349
1.1240608435010824,1.9668565297650988,4.32481155044314,0.2406249880156739
-2.9811256772137655,8.718807739878288,7.307440797357166,2.8222941392151397
-0.3704818048740832,0.3706269020532307,3.2958082999070024,-0.4821402658896667
-2.2646798105318213,4.596106922708946,6.744774647986009,-0.6060826091685516
0.1596560142378447,-0.7705754382660903,0.9331628607837417,-0.19463181676400576
2.8784377254112457,8.317117773007725,6.312661739224175,1.6451723412361594
-0.004337934219971196,-0.04569920822713848,-0.5933274577882346,-1.4551331873841085
-0.7521001243588756,-0.12900211475303736,4.426293864433784,-1.84879031768556
1.8830399543675727,3.789451933225461,4.961724315735359,-3.9724483781531448
2.8092086294681966,7.97967336150646,7.025474306907327,3.4359552147920214
-1.2772597348272279,1.939667124152409,3.699898051826978,-0.16318553069439745
1.818000238479005,2.594215947359039,4.814871450931856,0.01746945641447617
2.9768486241796186,9.364683365550576,6.907067315920357,1.4853518227797597
-2.329054561490353,4.868593429998866,5.314403465239646,-3.855814240838671
0.18628412752333245,0.07340542489919519,1.5041726046560489,1.435737823165015
1.8811594769100015,4.109353034011549,5.562190130806886,-2.573743575840119
-0.7422348980586113,-0.40442650012031056,3.1245305917666544,0.05875612043803302
-0.3253528423516485,-0.24542060852133035,2.3933887895153916,0.5109356990909959
1.5054153579874,3.0121201528645534,4.981351404834897,-1.1368878209372666
-2.4099217263094785,6.497141942142596,5.990790034126166,-0.5768411739067939
-0.8368421700212347,0.7771860027149365,4.051703283684092,0.7378596747099075
0.38223753171873476,0.8793220789874567,2.8299793655960777,2.558434291149526
-1.5684864243444974,3.3597616460602397,5.38417542089012,-1.7482757014191452
2.0397226303321974,4.813282403947981,5.835736852008303,-1.9936928621314023
1.595105953739636,3.2525938913287114,4.768059991314352,-2.6803636284111314
2.793255477554032,6.999762966526301,6.911438776569717,3.33631248372655
0.13792845008237187,0.3216329220241075,2.357021321145611,2.401441967717439
-2.3608520520564413,5.980656388004416,6.339802825375081,0.06002910812673773
2.619702138368922,7.083320919067961,7.433377921692875,3.4038570127761947
2.0054159369780944,4.6209236037577845,5.5465216035664024,-2.6674713876542624
0.2665089660194253,-0.8598305312879884,2.5442041806860294,0.006069958177124191
2.017813664312424,4.612049452995891,4.7571984849402424,-4.694715464190155
2.290145516123655,5.708223686500335,6.58274397463685,-0.2724857944225594
1.6564868242013855,2.2633453853494983,5.1847462563896505,-0.6831139158814146
0.42752386225450456,-0.303084749558698,1.6260454227164602,2.23177422038788
0.691792328796494,0.743183261041932,2.881362376579409,1.264341204406599
2.0663440958601527,3.960372845678275,5.819577989064349,-2.783548339323902
0.7332998178836023,1.1309059789226992,3.961242834752267,-0.5569081264934659
-1.7611202448742103,2.9938369809127128,4.414473419513907,-1.7223052621350372
1.1489305413238187,1.8855402183549868,4.385633990960108,0.12274925146236959
0.19208250046428965,1.0178392542322952,2.3550778165482424,3.2648644062685523
-1.420517646598863,1.6183670633665723,5.06658494447054,0.9326408899750425
-2.9952807508221815,8.25771843276209,7.7856457959496215,3.529358673229953
-1.5870134322005183,3.3212285066834166,4.188531744015176,-2.1940781256192836
1.0414001878561923,1.167633109041659,3.635573606748593,1.593855120125773
2.269921198085669,6.1020229872288425,6.864978071597163,0.8923578912662071
1.9842154154434066,4.210319614887045,6.164497553400982,-1.6820098744781176
-2.3513556864689376,6.516699613510767,6.333133025317934,0.11936830748504812
-2.5732501228629703,6.7137578031001945,7.082477565169948,2.243450475135946
1.5695538712740307,2.516351222642339,5.803360468042291,0.4892432667971922
-1.2909997672901596,0.9375362052875862,5.490327533410225,-0.5457304706604
-1.3691816850202723,1.5860688285627143,5.677522502266532,-0.07303003102897043
-2.9879981963494098,7.980570355980072,6.193629520139901,1.031946435092222
-2.4087659361566818,5.122943694228074,5.349163903609226,-3.4869121512476156
-2.1864177156458813,5.271696812705146,5.061549395190618,-4.526512233930606
-2.0438387626248207,3.2380762674653356,4.7480031411034735,-1.9389818829367838
-0.3281183843078086,-0.15925213139174454,3.2349048947190626,-1.308348227208262
1.8848148883429214,4.277219668995228,4.6810762586348265,-4.310693877575853
1.8737886922106854,3.8964394980713397,6.158929713319588,-1.7652405536656588
2.4599377300946887,6.433177920075746,6.644021446173054,0.2366284497814679
-0.33844776827799805,-0.5081795062370208,2.3021648914531614,0.0564508629977174
1.2522630476700805,1.451971302056805,4.169572149832463,-0.6844575286652201
-0.06999529127730764,0.16805415548957753,0.7655605033634172,2.6905020317716923
-2.700944651192874,8.274605424134807,6.081498147020468,1.6481708746137804
-2.5174113961827174,5.745172588096862,7.168576921733075,0.2801726051087179
-1.5243459887031656,1.819096496800141,5.389861385758368,-0.5665992991688533
2.8897303717381,7.874887788891442,5.851534368449635,0.9424986845618564
1.1515033756607087,1.8263048507539927,4.215367518719112,0.08217373964579266
-1.3919545088560774,1.8514880095961492,4.281847414933337,0.9662547963598414
1.2375794673078975,0.6454618147242892,3.50779433391442,0.04400005528057216
0.9680768062894178,0.9542051840959982,4.704999556906946,-0.13867283446031609
-2.740259034756555,6.932939906852278,7.163501828650125,3.08219979035412
-0.8310744921495727,1.2878933010220908,3.3060016439405757,0.9650815448376824
1.6423679004137623,2.2920350833240546,5.719313270290635,0.4445777472321928
-2.5288625109953786,5.450357623426859,6.010235705422347,-1.4458180067038333
2.3063047006552297,5.505906271193651,5.690373945877945,-3.3269166184541357
2.58520977752735,7.370990451685388,7.287653178863804,3.6710431375305674
2.118513074339339,4.250129894271147,6.775877427584168,-1.7919756720744473
-2.295734375394312,5.770112943819399,6.1077830148941725,-2.3166277488681626
0.39104089021147104,0.17519593441163614,3.4052008297693632,-1.0534721859286482
1.2453596869933392,1.6328243599125252,5.23982038056128,0.2307492035050629
2.327880539641055,6.3378964489630345,6.13902249107669,0.6734479584763174
-2.4253438242011227,6.49021444858782,5.974903770694148,-0.384621719076634
1.8946235072959698,2.6542443676456298,5.926522095409979,-0.6116644144877083
-1.3319020099873078,2.192737466670821,4.527609212355921,0.382249580555589
0.5537243145954829,0.2366135797012494,3.186931969230055,0.41677142600018213
1.3187742562435183,2.6342634217208447,5.574328269435086,-0.6923721743485255
1.6621148961625059,2.205491396692274,5.704753901156133,1.4431473653080498
-1.2320109060067832,1.0519949118883865,4.108392277368036,0.9672071139240426
0.6442592336932496,-0.42198211004646285,2.388626868693623,0.0685105383009571
-1.2751627547860171,1.4832777085210371,3.8867353637345987,0.03897567053572315
2.989900501706818,8.157542538144817,6.970235254445178,3.354892035902316
1.8870336476541043,3.82846950860259,5.328978567903281,-2.2149248961697
-0.5161325023837957,0.8723192347644346,3.4750138090918306,0.550531580536517
2.274853113985415,5.568557682449497,6.899451155869991,0.018170399242562585
1.3950066906507228,2.4784664291118226,4.080145549809419,-1.0577504525256578
2.5724815843665363,6.302569741592004,7.1357165511027585,0.933851061175061
-1.9703358345184547,4.573926266842891,6.529535915681947,-0.9704554978637712
-1.2309899704747553,1.3728738574083241,5.3569407098234745,-0.33758704148492313
-2.437579943552147,6.589815722032326,5.320825582706893,-1.5055753055228704
-1.0921138099277237,1.4457048910834356,3.2953369789142615,2.0570835393691906
-0.7128683175207717,-0.20497266453461438,2.388855966190304,-0.009624960854528908
0.7962752377125213,-0.20917194609597178,3.1947325373507063,-1.4571408795159935
-0.1708803699085033,-0.9341346133539185,0.7649039825106407,-0.6481824485753667
1.3060138846622822,0.8391222622093779,4.158963550866283,-0.5400978787178192
-1.3846587989897132,1.8344476170364987,4.418894005047669,-0.2591553220904892
-1.9616596849068932,3.0747925649241927,6.509724513675556,1.1970950042663913
-0.7252643833478087,-0.4184248765497828,3.3604000665443436,-2.1748127557500165
-0.3715113754328727,0.6477436648569597,1.9945462043916276,2.7466747037922175
-0.4672405931049983,0.008014732766389449,2.74021036261306,1.0739678487915985
2.4814181199691507,6.651312877326285,6.587722905278007,0.6054505470290514
-1.3825978899182743,1.8163865786993676,3.9258482568195854,1.242868386774546
-0.8877395838290587,0.6882550626985126,4.284920649801803,-0.2585267369968167
-1.708742039020038,2.8759443693500195,5.932645947241214,-0.9311522495119892
-0.7684619315743628,0.5385415934033888,4.194978138463551,-1.2962416066442604
-0.6608676550133463,1.0430727416711787,4.032764344106578,0.663290556542657
0.45256234267124684,0.009597713719558726,2.454594952312806,1.09444600134365
-1.3298101282653418,2.577767297924331,4.500306143500373,-0.9174023780523715
-1.4430461489529114,1.1565042839158997,4.008237184747282,1.081391335099353
1.3143683703391433,2.2753128983888127,4.037450074540356,-0.7627536738188845
2.4610722454352665,5.308159359527263,7.217762923573029,0.8820090713627731
-2.2674190826193508,5.378216430050549,5.592428602827875,-3.761793707535247
-1.906266175500091,2.6545792545262072,6.337496224401411,0.24342619097887175
-2.201342130744581,4.923161741743785,6.715872815233601,-1.670637910454903
1.1016460968269826,0.21966003589331806,5.043382197230584,-0.8424742186575385
-1.7159413637540382,3.846842334822477,4.5520569305423315,-3.3590509788851057
0.6274296198382423,1.2044719952559173,3.927862491314162,0.7583569717938974
-1.7899275911821018,3.7957746655594997,5.615516922152424,-3.106691857523665
1.906543162158747,4.4654554690038495,4.9443615155811855,-4.55231880180621
-1.1033572064508115,0.5085135873437328,3.8918642865003203,-0.3482193910261028
1.0177005881152574,0.3511746267912075,3.355083469295194,0.7448437396298465
-2.107598623184635,3.8172353022546366,5.695724640202384,-2.434347278050958
-1.1643273174830373,1.6006499068370879,3.4837099000601333,2.0673722258486418
-1.2165513281899416,2.2916161261373147,3.7425324070828014,0.6925180242770679
0.8104795952702935,1.6367875310676459,2.9954583024890287,1.7850564852590922
1.0852831627400201,1.600084460858613,4.549131668704186,-0.5044594878022066
2.0714918790229424,4.7546794231425915,5.904677047978266,-2.9891878118543365
-1.8999185593864603,4.4282769413896315,6.260147601181434,-1.4526610861524212
1.5625785858386312,2.243399301663698,4.4893938671992775,0.4898016301390653
1.2716364136761573,1.1167605290372327,4.7698902110144665,0.5244861614652547
0.345263484464835,-0.533932784720955,1.4192275557618512,0.48244712472328466
0.9009779178941066,0.050675309200257534,3.829191186570595,-1.343501351248325
-2.4600293818038166,6.676965735403725,7.000245286166878,2.3047956851049642
-2.118745105664572,3.7826655696120643,6.790617014100199,-0.13057409482473348
-0.506569675700185,-0.21479219820720807,1.8666942837936167,1.2653424477692041
1.2682241298061498,2.2465708006896277,4.010301269504084,-0.7637041078500126
-1.993073018258434,3.593514559698204,5.094748861611543,-2.3044744447336147
-0.66612516465415,1.408557633571404,2.3597348390877886,2.559204518779307
-0.012324276675443002,-0.46657070790115673,-0.5355960522040111,-1.1882049295520898
2.6102743614792523,6.8808389321383405,6.442928035108849,2.170434059284224
-2.6688225080729664,6.751547601968578,5.6255767610412555,0.09730094719717397
1.9740449456915794,4.7183991099581455,5.176684654065614,-3.8153890905563292
2.904959075392707,8.17190051740892,7.097525335539224,3.75261472714262
-1.396364318880667,1.8170179655893979,4.3160984918935785,-0.11534372077245414
2.340343822644548,5.501794592747218,5.6585823299062135,-1.983093376501471
-1.258199167347545,2.460838099453482,4.66787214285611,-0.16642528252900135
1.79404498917979,2.280495435743415,5.1187467400453945,-1.008960021766888
-0.24085579200458263,0.4917688398055331,2.3681285094094866,1.9772428195118046
0.58565189326122,1.1250260486651293,3.053363759859505,1.668752946351678
-1.5799957394093855,1.5509609835867484,5.294333788511203,0.05715663473766308
1.1256897729648898,1.3112799594627667,3.950729830192383,0.6189355297811079
-2.1078908033206174,4.095183262263689,5.3815187229907835,-4.1163463946242285
0.3581189940106375,0.8472278556023627,1.660135995830804,3.810859073231074
-0.03402641673592166,0.1181908988809223,1.6120108002781113,1.63739696803064
2.023235975696518,4.473939549678137,6.299291680321166,-2.078274296941
-0.11118890775760182,-0.0819300268885966,2.209857117847278,1.3434211076110307
1.7083857599203753,3.1751999797414325,4.598970318130012,-2.3568984522026035
-0.5982341595853455,-0.061922186930363665,3.960135462680608,-1.8175064794042712
-1.1525643994145687,0.34710185073089694,5.165808499615544,-1.7569489560097216
1.7233628182656426,3.12349127335468,4.8181655922794935,-2.8163608384628676
-0.4892144165314507,-0.13778082639286662,2.3470230723069836,1.2549469208931205
-0.019403632719989794,0.034911697964991856,0.6600508388115123,1.4878571311527775
0.46393518794597366,1.0480475647222613,2.095089995896755,2.755255269649896
1.9179944273359713,3.5316522002946322,5.4238692543319225,-2.8133958686844025
0.48791984776031594,-0.26714214895677935,2.1646856787089805,0.7023432198197539
-0.5631425839151407,0.059717092376730174,3.8964649039146275,-0.589525308334018
-2.0364790289445436,5.010969068603992,5.695859582930672,-3.712942137941894
1.2126678294846531,2.344300027285207,5.33268346318269,-0.09220258047805996
2.2993969299110084,5.975886138415597,6.355388342844154,-0.32441080148240276
-2.3497266725750867,6.36162846442211,6.100158824092766,-0.5204470158337489
-0.20271614512151093,-0.5031055846044407,2.736350880699498,-0.4745809539374558
2.6072130310742097,5.972524208510349,5.7451262295430325,-0.7180928339745973
0.3810550048510244,-0.40017761070860824,2.7338458657722526,0.1206077461159012
0.2715210846421816,-0.2975230683666324,2.4080841396509705,1.05811636295054
-2.619146700731143,6.209461192663456,6.3411908508431,-0.0498884206081336
0.21180107777302482,0.25904802049073583,0.959588494269273,2.4435318518824323
0.9272478229196279,0.6869613551115124,3.8371935283152228,0.1971893238646425
-2.120448926201133,5.129006672281965,5.754972413380656,-3.546560400532134
2.7381883658810793,6.867936323584557,7.232482506122451,2.3993576278327136
-1.8230952483399436,3.727429344032301,4.914203757304815,-3.144334356160705
1.0435559613476517,0.5697202941624993,3.869044199769295,-0.9955004487191081
-1.3539530795508028,1.981627119306822,4.134723994237772,-0.11575468722151783
-2.3494149970087523,5.217726022611214,6.504007441794159,-1.8556757171561882
-1.4345951778307053,1.1719921232207786,5.770750401249357,1.557455508563686
-0.9950889988915517,0.4478294576357422,3.345024982851686,0.14490413466757857
-0.2116087366138637,0.37298336812090244,2.4829314653381838,1.4064865336786954
-1.5938613395910761,2.534894156564122,4.511905972859852,-1.0032616586856455
1.3650233199516464,1.9013206321591722,3.789320124866171,1.0511212846835398
1.8431466121440536,2.746629734075947,4.708134467294994,-2.0991899744580644
1.7458535762816965,3.189436412908102,6.155536332083895,-0.9887977900096145
1.294491290347402,2.6692145512017014,5.328112732832506,-0.3340869510281349
-1.3821405230338641,2.5439826429955676,4.28109989711315,-0.1870053786930299
-1.7372532537559455,3.2067941153475754,6.1677242647551065,-0.12521133509366256
-2.3452300305515106,6.4520820328624495,6.8255186260909815,2.126858669294531
-0.6199133915834825,1.1874177824031786,3.018692744467093,1.4375942226747067
-2.476400158943803,6.323773614422183,6.2307319459753305,0.38339116910196513
0.9323379388948516,-0.06589331706838575,4.12201196350998,-0.9586326937495591
2.69897348617451,6.47161207070795,5.887484808371894,-1.0948025124333054
1.5337996834749124,1.4832848991121943,3.9834308385851553,-0.011862971801590128
-2.2986496374096452,5.187256452946444,5.595543323277057,-2.9547711107107095
-2.8771125076895885,8.028646048239588,5.815708567577566,0.7565381231057728
-0.9906670212819191,1.9321212155961636,4.330287974213087,0.3963701574386762
2.9572569405542186,8.081335198855328,6.981608404322932,2.349689471606562
-1.1230095121379922,2.2067255482177215,3.882182016748044,-0.41887744521315007
1.4250467927647694,2.5657080992951817,5.335417625450887,-0.10259956378418411
1.2991762595483571,2.336334632623056,3.850827397520962,1.0807498309591863
0.4353455861716875,0.45475741295516475,2.1289902139267842,3.4340157634584108
-0.7941236539821781,0.9680979182274703,3.149172160314008,2.4345930702811955
-1.7504058358194714,3.017685257113249,4.683980045645386,-2.496525197865184
2.8799952986618145,7.320645634160299,5.964096926349615,0.38668728544044795
-2.6046373799692466,6.490148052216711,7.195507958592692,1.1373605934727917
-1.5826334883774,2.488872361520735,4.208487764298235,-0.4516311367460033
-1.1466031769393,1.774881267547504,4.650602996857648,0.7272823404834097
2.457020120893832,5.974204559969358,5.51075565580287,-1.940346728563743
1.28021557811459,1.5537617586261374,3.547262481704447,1.7738717761790348
-1.4077688985719239,1.257138753677614,4.860513954528702,-0.6987686501442394
-2.0129921823680217,3.0739149938817283,6.4894163376296685,1.2710190546667424
2.282984481159187,5.7285746621676745,6.764732631984618,-0.7520729702562693
1.7626987945910377,2.747012716608054,4.987569460230699,-2.0463832179827595
-2.7696754081415738,8.639868766851215,5.711254381369252,0.17399052683546956
2.275805061579508,4.619757130629219,6.636027368695771,-1.190084266178041
0.5276384712627666,-0.044181592680131276,3.517518959019876,0.11888096638560341
-0.25477681808176733,0.11270349836413335,2.7559930946719007,0.1606672559778325
1.0431112612995372,1.5978640175709768,4.424605939406697,-0.37064735773291524
-2.7633432087876746,7.563781257353553,7.2648803473190835,2.7894679595130696
-1.0180727791820308,0.2861172699347765,4.830980269591637,-1.640614354281127
-2.471709493143888,5.734350575481715,6.196328431782249,-1.638860156297752
1.1018247886863017,1.2230562043656028,4.314364293665264,0.06323430042183564
-0.611929708702216,0.7221559844261142,3.141299703778752,1.0191073024376542
-0.12627544935635449,0.5562454017343336,1.805378091022531,3.8576820330998784
-1.2611799648457673,0.8512464656370795,4.8579044998739604,0.10523795654596713
1.7297671206739524,2.037924554409419,5.301451725249411,0.844829597310772
-2.72092390639349,7.4415915488075886,7.255025603106386,2.7431821485130543
-1.3132461218168503,2.3445927977918304,4.595436820503495,-0.4056721513568815
0.5435751705532681,-0.6793184998982329,3.5988191455307303,-2.709883240193475
1.740801014607234,3.375327861765043,4.841266915066865,-1.7101618548565114
0.6095960154717255,0.7452237553929878,2.4800548666108333,1.614973322868662
1.3829320119218123,1.8109944567713867,5.643666330437772,-0.03954894134091669
-2.8588325107330315,9.002500697907998,7.247112018341895,2.2146662146117344
-1.4704584641487422,2.4509702643006634,4.370081858557859,-0.8057435631085448
-2.747449440945763,6.558958105856118,6.7926434617528,1.0744299646313922
7.439081273519221e-05,-0.031143103437255813,0.9450245506091444,0.7508724864247274
2.9348417768446406,9.331931867307807,6.014059780367968,-1.1088907639523473
-2.9188169513686866,9.180291535671874,6.0008866164097405,-0.4371225545359956
-0.35472576997646676,0.424138766110353,2.620624027669587,2.72009868468163
-2.9712814913646928,9.175910548723657,6.3439491665484145,0.028878921674532765
0.6773317159760817,0.6157774130455045,3.8223745136452885,0.39094570890326574
-1.8998476432315818,3.1576606178263003,5.649703519868433,-1.6996663399344218
1.276450702743169,1.7503863776056479,4.851580894098576,-0.9383423540333158
-2.042108928162312,4.513668444115068,4.931722871704534,-4.880620708145853
1.971453931382161,3.5914898639949966,4.784905026238991,-3.5590778151548363
-1.7629310175946105,3.8195825073050242,5.561258638328308,-2.6519529094093652
-0.8867023570082955,0.17631604194148132,3.5860574981225897,0.0026604875135811668
-1.6165291684603855,3.107808173147072,4.260217062336037,-1.2738145678493984
1.846106954709878,2.9873163806019347,5.176988631151515,-1.7758931378463445
-0.05838026646176164,0.5510068300005103,1.310769167478204,2.938135171067536
2.243001035319745,4.8865283031176,5.369835579054913,-2.924714919130363
-2.219484163811374,5.541506771633893,6.750631533968234,0.22696869468262193
-0.0062513378097710515,-0.29289119543960734,1.2159543861737423,0.9377932420237638
1.6596818038925036,2.1819301654310372,6.0762906157346634,0.23568231677683937
2.8872610127468192,8.870845172571322,7.25694201368375,1.7999407435535788
1.040266381167247,0.6994380390481023,3.8923148492527018,0.3988562939071283
-1.9019929212782776,4.084067208045531,6.004008769784353,-2.623893939325926
1.5586377332880161,2.918297889784669,4.569790308304636,-1.5738408595242799
-2.5521887092628335,5.956460609505091,6.019062871700623,-1.7799473831678205
1.57663478232468,1.9140015104772878,5.234357457428674,0.8439089033924552
1.9668913855318326,3.2665575693334654,5.799530464826373,-1.172560447798847
0.3552582966709621,-0.5887548671147573,3.141463883544166,-1.0560740291372337
-0.04367502115063271,-0.24392729411282357,0.3451442954936852,-0.23020691730899284
2.619164536061662,5.9132786363463445,7.0059099679032775,0.623802902052997
-2.9994182958739515,8.21835085169188,7.809558037282027,2.870651624550575
-2.9425986337289363,9.008014766750222,5.8636675835488274,-0.45044434730032146
-1.488291461127359,2.8145645470593816,4.8320003001821386,-1.6457240852257062
0.034058779551708884,-0.8377809452786763,1.0522814930715696,-0.18130618605529447
0.24249990297653845,-0.4777891760847853,2.6564175941486283,-0.81500321687759
-0.7722454558517606,0.011614367691322292,2.8825787218527914,0.5790456327715605
-1.2437317488288795,2.381535789208204,5.173227349877244,0.1635236092059671
-1.785795921156331,3.6116961082915626,5.074077977308077,-1.891361166444109
1.8016913663767449,3.3538610017793307,6.153631752665746,-0.6851590711209983
-1.1044625725083457,0.8288735499129931,3.2591600514553396,1.427255601056245
-0.04519208671728592,0.6717504199654597,0.021117498104777588,0.8686658369698614
1.8677453502240198,3.3590846085424864,6.429440143012198,-0.8417757050132998
0.6741536547606906,1.3013955804647468,3.503278273115789,0.48390191160373974
-0.5483490229372503,0.7127902596281034,2.797288388164925,2.4476997799004234
-1.9385746658374352,3.7141343509572904,4.907736643616683,-2.5765619405250764
-0.6140874609173994,-0.37047638284530404,3.4343516158375307,-1.9426088222896059
-0.08872407761929058,0.9599590628848891,0.2654136241612177,1.9900738008932772
2.9435075553846293,7.983904029294582,6.485889182849886,2.57406971669623
-1.2948295444764866,1.0817877996885108,4.198581479386672,-0.7255969336340617
-2.006161941124609,3.8870492443376006,5.880445635424529,-1.5697574134691727
-1.6765469189073352,2.619213382847973,5.480924111544457,-0.19998787241353988
-1.7311959338588827,2.2905423229381174,5.955105962840377,1.0899389447984094
-2.5437138565514306,6.929118022733999,7.234771724740362,3.234977749397267
-0.8105538094592784,0.03448761178332005,3.9221459326213415,-0.36401757480478847
-1.2915958512561452,1.9560111316054118,4.70228378226311,-0.021673495159828526
2.3255327528602843,5.916714485778529,5.897310106202946,-0.7405534062160573
1.6815576597385142,2.24910094719191,6.120220508303003,1.0702037724208318
-2.345610258915926,5.703795982946916,5.434312450659968,-2.2871594166090645
2.1030209722044564,4.92055396002345,6.590892155139941,-0.5005532350863631
-2.3424083585450606,5.763314339422432,5.743997528770549,-1.6921130280793457
1.3212464806514665,1.9399468685271843,4.694797628856456,-0.5282608276185321
0.4369457875265903,-0.2181138074517737,3.0082075158823836,0.07309431080518414
-2.4791496943951223,6.609396149702446,5.771065620083706,-0.6365035328103783
2.4319682164642007,6.8050862858919645,5.573380989120499,-0.6615794816802513
2.2473990893122586,4.901925447164663,6.013495143179411,-2.276638852425437
2.0631103881715616,4.820788107444222,6.329140374362301,-2.575736879271754
-0.7825958692961095,-0.2752616260368361,3.923406874406433,-1.9792556052780121
-1.6622915257472786,3.4337563215511473,4.39514207610816,-1.5849768843964729
2.9826699291527774,8.28081993991653,7.709647635109344,3.5675907655699364
1.9040301928770242,3.4155247131672644,5.478939155725083,-2.603728627233837
-2.747231036231362,7.1474404582835565,7.523262602179528,3.3505199301387223
-0.7603327328110305,-0.2616868478040115,3.5947498252186816,-0.7112174686948127
1.873121854493908,4.3178474876551824,4.644085323982586,-3.156346788249503
0.17030818033727746,-0.23068676860272888,1.0556625389284482,1.9387678111055793
-1.5172150463992293,2.363336373972494,5.635487285619561,-0.7796760146305588
1.7573275826849608,3.0764327646580183,5.71442404688682,-1.412869279179134
-1.4294937363331945,1.3077746261017131,5.572336544699496,1.6260146585096609
-2.9976097196714893,8.39857214924785,6.583734625886747,1.5421354536350886
-1.6120864862656048,1.7512004572648265,5.1347215077001485,0.12345082472758029
2.960221733774885,8.77875611300376,7.182914234052913,3.350398425001313
0.9372050060526371,0.4014523270360978,4.060955668562156,-1.5644920745216924
-1.675991267476958,2.523069946424604,4.641329126863792,-0.5104698799904379
1.1168382118724693,0.4634582488929684,4.080865355672373,-0.7440085421634155
1.1216213893309126,1.833138220309621,3.732488055481314,0.20594085957880215
0.8444566196211478,-0.0737252640004219,4.367002756662122,-1.2719464610229314
-2.5767088996687413,7.61084640105847,7.394207044806254,3.0964557840702653
-1.5422152980642174,1.7327503544601377,4.100580057723164,0.614713083009089
2.2250231569616314,5.095538273884804,6.394460669448354,-1.1512383026024322
1.4084449158091301,1.0734077500467638,4.407347982351132,-0.024660405251961448
-1.9931039640954995,4.546695991004862,5.897964117417248,-2.466453701330246
-1.2084632323407243,0.8395952795559845,3.913464287809932,-0.6682787299405433
0.3763321724138815,0.19743386081000472,2.7558519610719774,0.7608723711178311
1.9586745961369747,4.316561259870484,5.34040061462959,-3.2898257456995665
-1.7969021618129593,2.5287203489625982,4.951584931936481,-1.0016913928543645
-2.3900082380790666,5.814313726459748,7.0073869384232665,0.7492075997168451
-0.7087866624561068,-0.06438705046677418,4.252576492787536,-1.2170473085640736
2.474120815516554,6.639665908406587,6.518835350179808,0.5453509320116672
-1.4369188844554543,2.510566267617135,4.2237976192483675,0.2205031430550235
-2.3501738837215185,4.876415352280851,7.010948482784329,-0.876401628453767
-2.6643422083453046,7.822652518504482,7.030032251806294,4.243923868229266
-0.8899766647796592,-0.16839133711498555,4.275722596575797,-1.9127617924545084
-2.774238328388864,8.41687229754807,6.08586064324245,1.8795299968379995
0.4982035273826697,0.3660143770184112,3.483654412862271,0.07448395516928463
1.035340861921771,0.8783716445766141,3.5502583410152813,0.8069195914909821
-0.2370984600915711,0.5737095418224675,2.2109517773410348,2.3446964163954416
1.4467011223471715,2.5268021407855055,5.23263471383279,-1.3230898802650275
0.006149786484491049,0.9746901694906579,0.7984491568934471,2.8552492783852514
1.2141157250169723,1.0302470909594539,4.188006193059919,-0.5864609618179291
-1.616154564462195,1.6195429210506727,5.604773508902798,-0.19175982653971646
1.4676744567687985,3.0218735276813633,5.651776395576268,-1.3919248679806677
0.009823212032397777,0.715890704570421,0.5712885124517406,1.755164349130259
1.2322129794541663,1.9760505817738254,3.6210229933073013,1.6665173728030043
-0.3198132581016644,0.13565808590067863,1.5200333394174808,1.4303815573100394
0.035643657452288036,0.41518296081409806,-0.034293829831182676,0.10593168978209522
-2.7507889021285594,8.127898697827131,5.9796558908958595,1.7357185150986152
-0.06414425637441212,-0.24613362730045493,0.26593043668841876,0.8767541205755949
-2.1462749868160533,5.147141369692165,6.416670021125018,-2.044854499779172
-2.145024918092726,5.102380537589057,4.937184458207161,-4.756901710192398
-0.3998975846427304,0.3863405012916092,2.012615076286906,3.4825622725355956
0.4572887389554441,0.012844838711135037,3.463057907648139,-0.24178393501632156
-0.9417078288506877,1.281429673447358,4.828702990807859,-0.4483113242880996
-2.0370504584147513,3.155800285778132,5.919855079958703,-0.794445470307961
1.4484625018797086,2.6478369128008206,5.7665600379597475,0.15848718134048234
2.7785494366976167,8.513170177086337,5.75449567649995,0.3199114994289698
1.4018537157030337,1.4438252551054114,5.633141678140703,1.522433312473098
-2.5376146110154414,5.6810222826575085,5.994548989644205,-1.249798006475751
2.0454489487514103,3.624429377535704,6.318713389695695,0.05113567897402438
-2.594915697519782,6.337780939814772,7.064755018433056,1.2200570375277071
-0.3821277084045067,0.9120786026581481,3.1926563457773467,2.353820703668024
2.573176795927676,6.707571683576809,6.333551476268357,0.8824142417859064
-1.4209193781807328,1.5924351785023814,5.629381699836186,1.0677570339109241
-2.232280968643228,4.259787702552641,5.492113896460768,-2.7475447162893207
1.5734326323648098,2.055979174799538,5.886352705674181,1.6148572629558926
2.571648728394787,6.84111936173703,6.652783650504151,1.5738699546628656
-1.045389475774094,0.7411162158541285,5.060661414267633,-0.633811858381387
-1.6052514129279807,2.4915524620892753,4.133228399183207,0.17114610080484316
-1.9050871415297215,3.517591230855114,5.971329085140297,-0.9129403588445544
2.779413135984443,8.381408101945901,6.7997372785256,3.5976787043673255
0.4598078079016479,0.06411952867977996,2.697213285257976,1.9471421637615944
2.160526631461705,4.359272967606267,5.397928244950864,-4.066928200393161
-1.1499300836888033,1.6722824069907487,3.943053091063509,0.008802591746868593
-2.6613814178493547,6.525915162740899,6.02442076889863,0.40090675783985086
-0.27717488930818934,0.011317567116114577,1.5444318838334472,2.5167050767397066
-1.757339424555767,2.7177732277460267,5.901908854237991,0.28463787296916565
0.11390198597427137,0.2666848667345524,1.3547647432594214,3.235181001642321
0.2279258137064133,0.8066711259433558,1.0760428417335173,2.708128319429973
-1.2342706965401227,1.4188021526288965,4.9978778278488125,-0.2631311883200642
-1.1552767068971321,1.9035791070829284,4.366650116167864,-0.002083050186237223
-2.8549579667110034,8.064716392809729,7.237423920876789,3.217556584855164
-0.4775879164177166,0.5405488813424786,2.795096823140855,1.7992995429947158
-1.0578635180474165,0.3827571728706609,3.913991541555564,-0.2837955933852959
0.7169407515669981,0.3799670551927484,4.359387721038674,-1.694165165462548
2.1585784001519714,5.478084686912518,4.933325752236247,-3.422511032432751
-0.04415735524250586,0.21290787408388218,1.7060738788436378,3.3902966002144486
-2.5037502118086636,6.802314297606133,7.191007162617003,2.2169008295600734
2.6008827500057548,6.773992295469286,6.232738445347939,-0.08745156201928905
1.8499618011285381,3.41846991529076,4.869461776733178,-1.8873817242072206
-0.80688706118536,1.3368664098940468,3.83150229489729,0.6792044771681305
-1.015626533849132,0.16711112494030944,3.3870765890975845,-1.047815016673343
2.627604472467798,7.050849806832145,7.090371320600314,3.614211516313108
-0.7506339566333029,1.4489764877168658,2.9734330777719373,2.128943369063273
0.8148133117390226,0.6996408293317574,3.1922927151724543,2.0450755505936096
2.9120660285914397,7.8690601739320885,7.657742248748522,3.765542519038992
-2.7795614128170754,8.421840432508608,7.47464035218668,2.697591112374977
-1.1122141311073304,0.7402985581465396,4.28922431117387,-0.9839688833381657
-1.612585668351162,3.0018846107366395,5.805182926566616,-0.9409837266679824
2.5341925149075815,6.502653583407413,6.072724066802335,0.519055983466937
0.30682038330848727,0.9918113241740063,3.211423342948775,0.903985327643692
-2.6777187695404994,7.418851213554838,6.412874136408262,1.9342286381212266
1.531489496840381,3.021416003027862,4.539758562116736,-0.9840066639272997
1.104502928007701,0.23579247036663098,3.286961837699998,0.24503392554938896
0.9730446206110268,1.9254959460333332,4.925134872083826,-0.873098488549952
2.734372649561296,6.632222927333634,6.544150696661067,0.24905895432373693
2.2476095922917594,4.696007906591468,6.465981970847333,-1.224551364848817
1.5195089109944515,3.2012121215050744,5.212349734546199,-0.9161160810564284
-1.664004273770169,1.7867884278678776,5.606038384438194,1.2707150427877858
-2.171910227740688,5.362654048208478,4.997182676381643,-2.981833588875189
-1.6746699819515651,3.5269428251832444,6.0164524395336585,-0.9280347763389569
-1.7669408334380874,3.001741537288028,6.170735504470377,0.6453708621060632
0.40778727488734745,-0.32221915082808855,2.6583190069293288,-0.6239481825633232
0.978262939006318,1.562377417099876,4.884118802358706,-0.4412888884602111
0.16450512240991344,-0.017214055836457087,1.1842803163416147,2.2088246931352624
-2.661903649593153,6.354408257028741,6.730429813792087,1.7412675782156517
-0.8210244302812209,1.5297791007686248,3.417341317121795,1.802996779793773
2.8063644546483655,8.667621386327115,6.9569293362649,1.9741001050643698
1.1730694524306546,1.3591822402598266,3.9335978097167557,1.4044769306014586
-0.7815613227509086,1.3242430942557344,4.174955048050414,1.0282258896654777
1.0297568916140012,0.8975553073547271,3.1986494711517497,0.6229156529418951
-1.4093418361592236,2.353174211481254,3.832383298136396,-0.4698150294563346
-2.5351346159822286,6.2228887999672065,5.46763519593379,-2.026339478544066
0.16840283553364932,0.0398435499173941,0.9423866385172264,2.1744165786153866
-1.2613852448886436,0.970196141690638,4.2831572821816595,0.5501682812453264
-0.11008862607501779,0.9420973538129128,2.2379642223932033,3.3453858443349125
2.4119675672959398,5.4060189221760035,5.433795083757302,-3.6403251971615767
0.9104422004923434,0.03582411267014307,4.111789768841826,-1.7481815765396598
1.3399148137556818,1.0840025085800196,4.685430596276078,-0.9558804226834106
-2.3844808486371876,4.713933505902408,5.88319053412862,-1.9440322966534667
-0.12205148524375442,0.44678796397499543,0.7938331669184022,2.8192959417684946
-0.5739486576632551,0.4584137021152006,2.471564134199335,2.147496635048183
0.8811434565101095,1.3655704933200876,2.8424126933706253,2.454653447811361
-1.2735891926702518,1.6361892782547367,4.940464306989744,-0.7567973049757848
-0.7016117266946007,1.0759010940436866,3.6581710530748373,0.4095718491056377
2.8861007517059223,8.721105977541168,6.6829506861331085,1.3137137042575318
-2.3111365932884,5.897049306555062,6.518848100637927,0.2784276720746167
-1.8005528216317448,3.0549562014402105,4.5873391254569835,-1.7215592624957534
-1.5657230139253775,2.7470298227105303,5.8825925124760206,-0.556564492131173
1.1799252026413827,0.7518120792142569,5.040227899676809,-1.079148118730803
1.2821285479230085,1.28749354017497,4.84731593259435,-0.5407510162432492
1.7085296194540156,2.2642827007912683,4.986091729718876,-0.7697635483984084
-0.7137337510328945,0.32669031739001064,3.2124440410517647,0.2756463338364671
2.114419725945325,3.9536082733979008,5.780725609153118,-2.819418421393026
1.1840792375339353,1.2158876290176615,5.223183741856231,0.48975573526090543
1.279559385460419,2.587716905794469,5.251890338565965,-1.5938077203488406
1.9319318658904239,3.372999386086917,5.515605773587719,-2.1912643863912615
0.7735466300448754,1.563356278803574,3.6270969847768315,1.5572194530433559
-0.46663426291020826,0.4903597870337205,3.4832330586827682,1.1574363047879923
-2.81520713301196,7.675573238549243,7.609960468044682,4.514468447104129
0.5727339797340143,1.0429932097091554,3.30553711128301,0.8830615225961107
0.38258141701095383,0.3855420193792569,2.971167288549647,0.5571569194076953
0.604848129294715,-0.13009258022700504,2.8141291206843815,-0.23549352614041147
-1.0628791879405697,1.71542352411098,4.959897930832531,0.8050630574931865
0.32929186106815234,-0.025689852765946528,2.968862410972036,-0.23191747834434878
-1.9700621742954796,3.5961673052507153,5.7184678955005515,-1.4321534011511228
0.8991565572569513,0.4690363875083351,4.528209061209503,-1.5400201815929464
-2.569959157854503,6.999427824266506,7.112180626170007,1.8537798679334758
2.2504628027984666,4.601883074591983,6.61743975188218,-0.8647755295177011
-1.7031722991204035,3.5173519079018414,4.481611389692047,-2.2285318660714424
-1.2369325765304842,1.1205797876820376,4.520703973399594,-0.9847452149618818
2.308421511836608,5.417052643480725,6.878962397953919,-0.7479521533751154
2.3015525401541126,5.272987078700253,6.610011100276401,-0.15506700178644928
2.0176032969084785,4.781435888886702,5.523120929661147,-4.047272634682708
-1.0383862985625176,1.8550189738331377,5.031810440122142,-0.8057297094387079
2.4140678352273994,5.196492397815035,5.716454628328487,-2.654730849421389
1.630813774649317,2.8302504854624555,4.775353227543215,-0.5213839763737143
0.9484978859145294,1.696058331618606,4.804035260348925,-0.7397202853085074
2.398818442934809,5.646564360233042,6.812678478901715,-0.15274687616482185
1.6987888335770194,3.7296201120536008,6.014183757675612,-1.2729813776875225
-0.45150294490147047,-0.23816330983135792,1.710937932581654,0.8522156123884015
-1.054468655237467,1.3295664932659033,3.86702183426641,-0.36230364776005963
-0.6367311733790966,0.770334006686352,2.662861385141581,3.08942312595247
-2.6315270756510136,6.381346216585344,6.08066299694195,-1.135812222931751
-0.8194146418428185,-0.30102461961817184,4.096851977364407,-2.711008249490268
-0.881737884930363,0.6109096224628622,4.20420565319892,-0.2966662006876917
2.1937469253445636,5.689489356172195,5.848119966069984,-2.3902301100209824
2.332200297181573,5.12521444583463,5.8391661763355005,-3.671711280925053
2.778312521174448,8.278509056279919,6.836691553872041,3.0247169809660175
-1.0308045143121944,0.4120305723812139,4.128557248853015,-1.2521871408911975
1.1599209347457862,1.0293222474664432,4.409144140730239,-0.8918172227491095
0.7983976073742847,-0.07336581886282412,3.805078051383635,-0.43576653713839675
-1.5453375264603109,2.821609698979224,4.763760764955892,-2.038316223321479
2.219925758056071,5.326685618674451,6.503203078437821,-0.7433932964978733
-1.7153885053822207,3.3195523602952868,4.741320002760694,-1.5717584163320162
1.4862840159046806,1.7158322449063441,5.188051475679438,0.9184525782903616
-2.1320163869146262,4.9302141173193155,6.761364661621336,-1.663898371215866
-2.3590820625623303,5.019863259735238,5.15083095024165,-4.24341336406265
1.3219332607412655,1.596805777716714,5.045736349677596,-0.8538558878564741
0.15790869626826343,-0.23122060030748287,0.8074991556886759,1.8496004787200213
-0.3425050119824693,-0.17207449352664417,2.428532093511327,1.7400926609767513
1.6690834065274238,1.9011490324277025,5.421552469340036,0.5649745702219002
-0.8475398832104553,0.9816171073642714,3.1683714247725896,0.827978268404038
2.1200975910834394,4.909447001081201,6.651909712037525,-1.8933566080132702
2.773034982940972,7.916900405620109,6.905597938806455,3.3159573888488945
2.87475296144694,8.5608301016742,6.245427968875104,0.9486419749938162
-1.3342319863184562,1.1200564217498086,5.160622779165188,-0.401834156414389
-0.5099577816912295,-0.44104946301483533,2.067467294050902,0.24654466915797157
1.3500593059041304,1.8510102165101079,4.75813273618114,-0.6967318221179086
2.369195604077727,6.363753263090303,5.346788755653386,-1.5230512327677619
1.2678666606279876,0.9753927522264088,4.665951556736875,-0.32225155926619875
1.5487936966743021,2.32444015227457,4.483981835155308,-0.4664963217585505
2.3004219118066302,5.149805640379878,6.365790346450117,-0.6523981252642563
-0.7983105710992993,0.631878139767922,4.005582995330309,-1.0803656942364925
0.25526964988294365,-0.6118158648766155,2.069339907303092,1.120189758264481
0.2086198534964745,-0.2715964744574884,2.1420397108451787,1.7334327402913867
0.8854954812257709,0.30786305547830006,4.390618468899983,-1.1215430612962032
2.3711032783447665,6.311184643036258,6.774379416445774,0.9248260241883979
0.6049648567568013,0.9666469694635806,3.3505434562868572,2.017957225475592
2.819631226296023,7.803598568839902,6.61890795629056,3.312725644307107
1.3928133285914885,2.1539598898801797,4.536600483047767,-1.1991465083427728
-0.5082510506725053,-0.4507496489578545,3.6011643669621707,-0.832441953861629
0.48683076098453615,0.2562307782758998,3.1967938065613093,-0.5887940694407883
2.5339246945022627,6.014668528982194,5.7371924892313135,-1.4228725474273318
0.7110023035618394,1.224826182808644,3.504302394470832,1.3167375050349044
1.2595716205101715,1.9297174290073993,5.306841602280611,0.8844016532131613
0.9677521925668806,1.2034923314628467,3.236355852411121,1.4467870168026817
-0.9831213666026244,0.21603022160897023,4.657134425169621,-2.3861583385312386
-1.7799908692638107,3.1095432536603074,5.977056870711445,-0.3752763131202721
-0.553122224397478,1.279089754296177,2.9735696946463595,1.2996676413346318
-2.0953811632095976,5.287220567278936,4.865340292053148,-3.9316277047530988
1.958001286326093,4.123940317775522,4.892148977248324,-2.660745225094294
1.262763681004885,0.8980218561289541,5.340187721750855,0.683104407700245
-0.5936628635369043,0.6306892929826471,2.1702904188357652,2.135638987582926
-1.9717038234700752,4.018940192574369,5.36169239505143,-2.5334504626325796
2.2547960393162967,5.021436854238963,6.244470584463705,-1.3606634507374678
0.8343834362281637,0.5522706575884584,3.047679730379265,2.093207655936932
2.9796169198892786,9.076656500606532,7.866786276169344,2.130869684271254
-2.3934126624135286,6.428363949633346,5.500213760308937,-1.1235043086307748
-1.5309098452064254,2.845927034893836,5.028556054924641,-0.6632268201644842
-2.498070395021629,6.3990767790779834,6.55813671918791,1.108932371082071
1.4684506545581684,3.0057556879443696,4.309165727584695,-1.3808905205525657
-2.042548143257746,3.301482884408764,5.6493277219795655,-1.1989828388137969
2.2899572036100935,6.226597011829377,6.035058876869254,-1.1272605740528263
-0.051122840766614885,-0.8913973698159723,1.4381391777181856,-0.5223929772269322
0.1570155760110783,-0.5763550166127865,1.8535691447019726,1.3031426154330041
-2.7448782672539744,7.379862025332303,6.562169765947422,1.9837327077597042
0.6843218143897616,-0.3166859019799693,3.6428349243631626,-1.8303549126276344
-1.6343112654295964,2.918314134305492,5.020362214474638,-1.2378117973076936
-1.7189754639179065,2.0508617736495163,5.2958113665119395,0.419095071630575
2.371911413545149,5.195211515719631,6.477540503016637,-1.9793103830644934
2.32808009398195,4.542030286234348,5.465609709981279,-2.7779643690929685
-2.968408894042083,9.218490024438307,7.467727524181745,2.0227225515054164
1.993823757516612,4.312245511216625,5.8538436449337,-2.4110660243226776
2.4137930401173353,5.583558027020093,7.17522035140735,1.2016597277677663
0.07168594855484223,-0.6184726047201501,0.5157356568724034,-0.04366036271849527
0.9370429083083227,1.37205907007081,3.804572014888799,0.44752001395436136
1.6067141036006838,2.2622887922402835,5.861532677740689,0.9599927243645684
1.1126398485154105,1.8285697673156813,4.422136611227268,0.021162851835766716
-0.24530148214392433,0.03597469550124662,2.4330344763175544,1.278165709291192
0.44071339189624936,0.24556718249865586,2.482790247030445,2.175095176844767
0.4443565903826334,-0.7455655216003861,3.0350223351178935,-0.2950171022344632
2.052783120145528,4.502382578112473,6.623124797272448,-1.3306562385408576
-1.557349754285137,2.1266512620363107,4.392124936712713,-1.022945094717365
1.5433587975942231,1.8403664326956177,5.5840102302374435,0.7799049962030253
1.874022658310003,3.379727676282691,6.414873914275727,-0.7192630404907034
1.7821941668698482,2.9411509629667476,4.369091271371594,-2.4059393777362037
1.846246913951906,3.348205747449657,4.865485927445926,-1.8106190799864819
1.975680134319326,4.862278701503643,4.857109410057031,-4.41113115625386
-0.49490549218656366,-0.026312413067114293,3.348827823438826,0.09001219761281787
0.7073204136032558,1.0491224341719598,2.5265269009084994,2.864414818922325
1.5314730968811512,2.450945039570529,5.946935151366364,0.2500456736411889
1.6185934160500999,3.3981068246956974,4.868182142885248,-2.8551472963241267
2.751627737553215,7.281360908371369,7.445617947520265,2.600560925464647
2.85045165355203,7.616111989610516,6.130467465204718,1.7082341951136348
0.38840755145424444,0.9728989053406181,2.3746384654379744,3.6880358860409963
-0.20556558754856713,-0.8706742617002816,2.503197292644905,-1.1699211874154782
2.0131519601185293,4.954287670651081,5.865963013556618,-3.5350975705679764
-1.680234456260058,2.9360016593453833,5.109270513351303,-1.3777384622437008
1.5983885367653636,2.3075723478370955,5.08239516081635,-0.06308938771113626
-1.8479304052393573,4.404951427286317,5.585315213037998,-2.8019066640922863
0.5497653957184045,-0.5810327173753227,2.8464850618295188,-0.889645972602579
0.6409887397534026,0.44427928402587963,2.58958881087422,0.9839590437748993
-0.3489371831869388,-0.816048691278469,1.5907677277770633,0.3718379907630607
2.187303916847986,4.926649903031008,5.218270479081374,-4.251674591142064
0.26089311685061745,-0.570997763589739,1.1480898224611873,-0.25474995181274984
-0.04362173445254092,0.2638212563957089,0.9527854952019128,2.523041369169458
-0.49124618597965686,1.2031701667407226,3.4990002984981077,2.0707975974493866
-2.6266488996818866,7.649089544624827,6.201014502671272,1.5763126816113315
-0.8271032404386345,0.5877722691858309,2.788430405305606,1.4013471578174401
-2.4431078508351667,6.385697710915862,6.103626493659624,-0.04502146750714839
0.39383099805632904,0.7100403550364228,2.7142539064555495,2.836581947321701
0.8430097893455439,0.7003516732975456,3.5234295131121147,1.1336567549649839
1.6066935757089587,2.6385312265795693,5.691659150093622,0.2184762543553005
0.7952115380648568,-0.06606981298413961,4.450757859463905,-2.1997680544966847
-1.8776354689472243,3.2643148054724755,6.220895118671605,0.011539537828293811
1.5014637046746984,1.538835762601043,5.309368119039247,-0.22304579440686756
0.2931564025847182,0.5397281830655386,2.106354632159176,2.3156602379836286
-2.3869778439936606,5.6516892165211505,6.545335042131118,-0.10674986217251747
-2.851037824872552,8.026174352267542,5.780843224453096,1.8674239443876595
-1.2075228456999314,2.230107365217963,5.360450012588226,-0.6335835534945291
1.1400901755895507,1.3550431530989353,3.615154875485557,0.6336386991088232
2.5967301026648144,6.561188889919337,7.258269906078912,1.2167921160726853
2.798983204081317,7.372091021154606,7.3062846016811545,3.3428170595228357
1.58728853600788,1.6635089668815786,5.639784957234621,0.21216188543440362
-1.240504885758633,1.3751246390416705,3.992990315139938,0.7402799521760286
0.7324147516378012,-0.4120616667701712,2.861556948943039,0.1709598023591501
-1.6134232347790463,2.185442415629738,4.938425310790027,-1.0776141390848681
1.5041422299100304,2.2694628674955117,5.604481256747525,-0.5598805082155163
-2.0047978231228325,4.951080441637492,5.564394616597953,-2.4475762819484057
1.5388223131446157,1.586739939818915,5.832811309178729,0.9076187778718889
2.211533993582889,5.236964713205926,5.653849546933776,-2.841481837432715
0.11703812151874216,0.013562664087035792,1.6072177219171044,2.952281255018811
-2.6061909704489743,7.346427833001332,7.418878659378747,4.07963345820164
-0.30664787552522554,-0.6187530846874473,2.501956874592321,-0.31515262471671357
2.0269716682789047,3.275019416877117,4.785866640651591,-3.088967305308186
-1.9214840794196761,3.490538278168188,5.47181843647957,-2.062224203052292
-2.7686456324232305,8.25932314189603,6.325201758056323,1.5941946308679966
1.3961614468750945,1.3326182635601374,4.790734130934099,-1.0069554840166592
0.37824434144037067,0.6786231661262078,2.029555315415236,3.590953850374227
-2.747636241304604,7.130100908654228,5.874920628057007,0.47426616765177965
2.909311584349809,7.897876870055588,7.159259660652075,3.677179250406346
0.4159943249023632,-0.7935175434950142,2.942624391447402,-0.5188475398969137
0.5109400377759235,0.05837784204721952,3.5934813917593305,0.12505328634567503
1.7394398511986644,2.7878139785249365,4.540276006650555,-1.0529156304759661
2.415808024117853,6.1548182817829336,6.814388546747658,0.3879050845635833
-2.6354955820218358,6.0876737637973894,7.147221278193674,0.35255550401646807
-0.9089207436671072,0.1313448923529108,4.106593269775561,-2.2343256207517
-1.799448821589644,2.271167827322227,4.775585726389664,-0.8274203379932423
-0.20909081007024843,-0.7286883202493537,1.3518993724329202,0.9421701606916084
-2.4511923482063107,6.311922479925348,6.099507313410796,0.08247671401410639
-2.5914853545616583,6.521110047257402,6.522834565591252,0.3615326009973183
-1.194663401218297,1.0692732705451016,4.326902262831088,-0.9339364816911897
2.426071546631108,6.0016471378606004,6.165260444608246,-1.1799493248323971
2.8532518673249774,9.12796714459317,7.436310008470873,2.5081648171401847
1.5823201907003677,3.1727102139341072,5.7718171015361985,-0.531627495568094
-2.9955545222367066,9.372593260491952,7.5565760604266075,2.0758366346064974
1.4112933254174038,2.82826602863183,5.507517525758499,-1.2099684887528284
-2.8680449400898516,7.305139191741169,6.916138798359688,3.1376748033803983
-1.9886059064696342,3.095220334476966,6.568789818861941,0.1858597657330021
-2.9369159502928186,8.57348787906048,7.068061723777198,3.2231237610004393
-2.1052380073964274,4.130361893700635,6.011670815366433,-1.5232855712861226
1.1250331509661384,2.1402037150296955,3.88129867086925,0.6141953089649959
1.2121012520481393,1.448319367507004,4.766227169316824,0.11917892505953231
-0.7735355602688587,0.6776554831871584,2.6219661926857656,1.861332626560547
1.3871449452021878,2.714691830462422,3.9801775497355814,0.0942619075209119
2.0838252325478317,4.2355976914504065,5.0346685823587505,-2.6963321021229434
-2.2178549133506995,5.672949195214543,6.267388273073498,-0.6227558374472228
-2.475556103029536,5.63554151799004,5.644225197435654,-2.252052311577615
-0.7684712609165834,0.13816748717094063,3.1887933505762796,-0.5363510840069581
-0.5766981746929565,-0.01069643513063201,2.1262491601023363,1.3077890537834296
-1.341574680837778,1.8949511652268927,4.100523316652585,-0.007596479823828162
1.5250091156666805,1.7659101509204334,5.868099027070137,0.739303887388804
-1.069282796685647,1.4862240414504255,4.154524052472779,0.18798282047290304
1.8008658715049979,2.5287044527574567,4.6700027927823395,-0.6264738952210351
2.467850125641877,5.278484791629906,6.32977406149726,-2.169029771380604
0.07889404524729482,0.7466077627862375,2.010542120475197,2.6675448909043187
-0.42346782191608723,-0.346937596687648,3.334348238172376,-1.8388663059594952
-2.4504311869707287,5.7766210241239655,6.045673001122692,-1.8257455621109084
-1.3579361771702012,1.9870748467182846,4.228955777065321,0.05328809656660938
2.3198868872751266,5.433479109654016,6.615929683982081,-0.8692811636199462
-1.5243339523586825,1.4756417571976561,4.419525446661255,1.06726463319402
0.7271363212252488,1.276979100841045,2.9193562554656496,3.3173309726876465
-0.02995562494319559,0.9031685763031216,-0.1395195572538137,1.1655760158279496
-2.4337647843947137,6.5482256341091905,6.968499447996425,2.733770131742257
2.396211188357256,5.309431729102242,6.087677918396326,-2.6137363432909133
-2.5933750052513176,6.78128751009819,6.5651561839554615,1.5942586423617864
1.0842139527994865,0.8543533434803061,4.638445714213619,-0.5793714343832255
2.8319888399063062,8.1294954109292,7.324383340709005,4.585809061213189
1.2562427449244638,2.5269527720013567,4.378305686304768,-0.06374144911608792
-1.0445476772497464,0.7144856854858033,3.4563797234655906,0.11952377671010128
-2.559359001792008,6.887911711899523,7.056664405134241,2.4134096530404396
0.47842228228406025,-0.11917770519613921,1.8287189843207299,1.0330062461307787
1.4011021095185603,2.512041653327519,5.628182904307868,0.01741591192858638